"UF","CNPJ","CEP","IE","FLAGS","IND_ORGAO_GOVERNAMENTAL","COD_NATUREZA_JURIDICA","TICO_CODIGO","ENTE_FEDERATIVO","INSCR_SUFRAMA"
"PR","04.779.792/0003-67","87306340","9092053790","","N","205-4","03","",""
"CE","07.040.108/0001-57","60410000","68592361","","N","","03","",""
"SP","74.566.878/0001-25","09990090","286262863114","","N","","03","",""
"MT","03.678.309/0001-23","78020600","131932411","","N","213-5","03","",""
"SP","60.683.165/0001-37","13425000","153904689115","","N","206-2","03","",""
"SP","57.909.806/0001-14","13288130","714087908113","","N","205-4","03","",""
"SP","03.774.819/0087-74","06529001","ISENTO","","N","","06","",""
"MG","18.171.718/0001-06","33840100","0021540650057","","N","","03","",""
"RN","10.877.412/0005-91","59700000","","","N","","04","",""
"GO","29.956.531/0001-34","74125010","107348489","","N","","06","",""
"SC","17.909.092/0001-20","88117351","ISENTO","","N","223-2","06","",""
"RJ","38.300.280/0001-26","28630310","11855830","","N","","06","",""
"SP","23.236.392/0001-98","06460040","","","N","","04","",""
"CE","28.189.626/0001-07","60192200","ISENTO","","N","206-2","06","",""
"SC","04.444.171/0005-94","89219600","261781642","","N","206-2","03","",""
"MG","00.000.000/2857-65","35420045","ISENTO","","S","203-8","06","UNIAO",""
"PA","17.268.078/0002-75","68180010","159304660","","N","","03","",""
"RN","09.075.326/0001-52","59040340","200223054","","N","","03","",""
"SP","13.820.987/0001-32","13303519","387422331115","","N","206-2","03","",""
"RS","13.324.184/0006-00","93270000","0430150342","","N","205-4","03","",""
"SP","56.720.428/0001-63","13453900","606000044119","","N","204-6","03","",""
"PE","19.867.570/0001-01","55540000","ISENTO","","N","","06","",""
"RS","91.517.334/0001-92","95770000","ISENTO","","N","206-2","06","",""
"SP","03.141.488/0002-46","16018000","177599663119","","N","206-2","03","",""
"SP","61.585.865/1842-95","07250130","796686457110","","N","","03","",""
"SP","60.964.996/0001-87","01209001","ISENTO","","N","","06","",""
"PR","07.161.411/0001-08","85301410","9032626642","","N","","03","",""
"PR","13.933.645/0001-29","87502370","9076546212","","N","206-2","03","",""
"RS","92.543.875/0001-58","95880000","0440022533","","N","206-2","03","",""
"SP","65.800.427/0001-10","05470010","ISENTO","","N","","06","",""
"ES","39.341.029/0001-72","29375000","081635796","","N","","03","",""
"SP","07.057.085/0001-93","13847021","455101113116","","N","206-2","03","",""
"SP","05.111.506/0001-91","03605040","ISENTO","","N","206-2","06","",""
"SP","62.658.752/0001-00","01136001","ISENTO","","N","","06","",""
"MG","12.392.712/0001-82","37950000","0019773190021","","N","206-2","03","",""
"MG","02.739.046/0001-52","36015440","ISENTO","","N","","06","",""
"MG","57.350.408/0001-00","31330290","0050001470043","","N","206-2","03","",""
"BA","06.057.223/0315-65","48900441","131710674","","N","","03","",""
"SC","83.202.093/0001-64","88502216","252285778","","N","","04","",""
"MG","08.764.312/0001-83","31130250","0027148400040","","N","206-2","03","",""
"BA","00.000.000/3634-05","42850000","ISENTO","","S","203-8","06","UNIAO",""
"BA","44.539.254/0001-58","44434532","ISENTO","","N","","06","",""
"SP","05.527.103/0001-28","03041090","ISENTO","","N","206-2","06","",""
"SP","18.795.530/0001-39","04119010","ISENTO","","N","206-2","06","",""
"MT","07.616.290/0011-13","78043300","138908532","","N","206-2","03","",""
"SP","01.195.713/0001-10","05693000","ISENTO","","N","","06","",""
"RS","88.644.729/0001-41","95074440","ISENTO","","N","","06","",""
"SP","49.521.531/0001-19","18035330","150414714110","","N","206-2","03","",""
"SC","09.645.148/0001-58","89206500","255658230","","N","206-2","03","",""
"RJ","05.792.037/0001-13","27330520","77583157","","N","","03","",""
"SP","02.473.490/0001-79","18103085","669342936115","","N","206-2","03","",""
"SP","04.893.407/0001-46","13255240","382127712113","","N","","03","",""
"SP","54.756.242/0001-39","14079602","582181870110","","N","206-2","03","",""
"PR","02.949.582/0001-82","82305100","9017797910","","N","","03","",""
"MG","22.702.182/0001-85","37880000","ISENTO","","N","206-2","06","",""
"SP","20.282.534/0001-65","12244000","125094199117","","N","206-2","03","",""
"SP","03.779.133/0085-04","19700000","ISENTO","","S","307-7","06","",""
"AL","00.000.000/4674-48","57330000","ISENTO","","S","203-8","06","UNIAO",""
"SP","96.331.657/0001-00","01130000","113962711113","","N","","03","",""
"RJ","61.192.996/0001-79","21051470","15559624","","N","206-2","03","",""
"SC","05.810.004/0001-59","89069145","254614299","","N","","03","",""
"SP","43.866.094/0001-99","04087032","109091409116","","N","","03","",""
"SP","44.120.652/0001-35","09710000","ISENTO","","N","206-2","06","",""
"RS","28.407.123/0001-60","92120020","0240525817","","N","","03","",""
"BA","08.665.503/0001-98","47800050","ISENTO","","N","","06","",""
"SC","30.923.475/0001-10","88062015","ISENTO","","N","","06","",""
"MT","32.989.287/0001-10","78218144","130729574","","N","213-5","03","",""
"SC","82.855.164/0001-65","88330077","253051118","","N","","03","",""
"SP","04.393.475/0006-50","01016040","ISENTO","","N","399-9","06","",""
"ES","30.784.664/0001-50","29056190","081054912","","N","","03","",""
"SP","06.037.638/0001-83","09372060","442196245110","","N","206-2","03","",""
"SC","00.000.000/5926-92","89871000","ISENTO","","S","203-8","06","UNIAO",""
"RJ","24.217.779/0001-60","20261064","ISENTO","","N","206-2","06","",""
"SP","20.944.058/0001-09","07221070","127571143118","","N","","03","",""
"SC","80.727.977/0001-44","88803110","ISENTO","","N","206-2","06","",""
"ES","28.740.310/0001-61","29927000","083358013","","N","206-2","03","",""
"RS","07.266.397/0001-07","95052100","0290436230","","N","","03","",""
"MG","14.244.022/0001-01","30140074","ISENTO","","N","206-2","06","",""
"MG","04.320.125/0001-50","31010560","ISENTO","","N","","06","",""
"SP","40.475.423/0001-82","12211021","125215916118","","N","206-2","03","",""
"SP","09.302.935/0001-05","13347627","353283463113","","N","206-2","03","",""
"SP","43.514.678/0001-03","04017090","115558388115","","N","","06","",""
"SP","00.604.384/0001-51","13049900","ISENTO","","N","206-2","06","",""
"SP","30.893.496/0001-30","06455040","206698882118","","N","206-2","03","",""
"SC","43.469.344/0001-57","88501131","ISENTO","","N","","06","",""
"SC","24.447.148/0001-37","89203400","ISENTO","","N","","06","",""
"ES","18.055.252/0001-83","29167080","ISENTO","","N","206-2","06","",""
"PR","81.750.978/0001-72","84025000","2011149181","","N","206-2","03","",""
"GO","26.923.102/0001-72","74080320","102265232","","N","","03","",""
"PR","14.710.399/0001-09","80740015","ISENTO","","N","223-2","06","",""
"RJ","51.199.825/0001-18","21941570","12908342","","N","","03","",""
"SP","10.923.875/0001-19","04080001","ISENTO","","N","","06","",""
"SP","52.242.636/0001-43","13562020","ISENTO","","N","213-5","06","",""
"SP","21.367.184/0001-00","06485350","206363515112","","N","206-2","03","",""
"SP","00.280.273/0002-18","13097105","244956031110","","N","206-2","03","",""
"SP","89.637.490/0001-45","04538132","ISENTO","","N","","03","",""
"SC","00.556.066/0001-62","88015100","ISENTO","","N","","06","",""
"RS","36.947.243/0001-89","93614260","0420083570","","N","206-2","03","",""
"RN","44.554.219/0001-08","59300000","205940200","","N","206-2","03","",""
"RS","72.173.180/0001-14","97501504","ISENTO","","N","214-3","06","",""
"SP","09.967.852/0075-63","04078000","ISENTO","","N","","06","",""
"MG","25.271.628/0001-52","37026080","7075794930048","","N","206-2","03","",""
"SC","60.307.632/0002-05","89221008","263562964","","N","","03","",""
"SP","58.153.297/0001-05","09541220","ISENTO","","N","206-2","06","",""
"RS","35.367.817/0001-87","91360000","0963793926","","N","","03","",""
"BA","08.948.323/0001-13","42707650","074518801","","N","","03","",""
"RJ","09.495.156/0001-65","22793081","ISENTO","","N","","06","",""
"SP","54.545.686/0004-78","16201013","214171300110","","N","206-2","03","",""
"RS","87.849.923/0001-09","95700010","","","N","","04","",""
"SP","34.391.900/0001-29","18540410","554122623112","","N","206-2","03","",""
"MG","05.633.719/0001-83","30130154","ISENTO","","N","206-2","06","",""
"SP","25.297.658/0001-38","01451000","ISENTO","","N","206-2","06","",""
"SP","50.657.352/0001-92","09695000","635952467110","","N","206-2","03","",""
"GO","09.233.918/0001-55","74815465","ISENTO","","N","","06","",""
"PR","15.477.815/0001-33","86302308","ISENTO","","N","223-2","06","",""
"PR","29.358.569/0001-05","83203060","ISENTO","","N","","06","",""
"RJ","02.148.467/0001-09","21941570","78103272","","N","","03","",""
"RJ","19.390.374/0001-99","22430060","ISENTO","","N","206-2","06","",""
"RS","09.202.940/0001-38","98385000","3540003594","","N","206-2","03","",""
"RS","00.000.000/0371-92","98700000","ISENTO","","S","203-8","06","UNIAO",""
"SP","07.376.456/0001-08","09725460","635514691113","","N","206-2","03","",""
"SP","13.318.529/0001-08","08582500","379076526115","","N","206-2","03","",""
"RN","57.992.065/0001-88","59132340","ISENTO","","N","","06","",""
"SC","78.986.700/0001-94","89203502","251461610","","N","","03","",""
"BA","04.208.093/0001-03","43700000","054485112","","N","","03","",""
"SP","08.700.424/0001-70","01135010","149612924119","","N","206-2","03","",""
"SP","14.014.040/0001-05","18048100","669421162118","","N","206-2","03","",""
"ES","04.484.321/0001-60","29103300","082103100","","N","206-2","03","",""
"PR","17.456.852/0001-90","83733150","9061971545","","N","","03","",""
"MG","00.641.174/0001-33","31130020","0621654180008","","N","206-2","03","",""
"RS","23.491.060/0002-30","93035084","1240332510","","N","206-2","03","",""
"SP","26.907.814/0001-06","12226383","ISENTO","","N","","06","",""
"MG","17.351.180/0001-59","38400694","ISENTO","","N","","06","",""
"SP","61.451.712/0001-11","06423080","ISENTO","","N","206-2","06","",""
"RJ","03.670.763/0001-38","22775002","77179011","","N","205-4","03","",""
"CE","37.253.847/0002-79","60150161","ISENTO","","N","","06","",""
"MA","23.283.472/0001-02","65075040","ISENTO","","N","","06","",""
"SP","05.446.239/0001-03","01139000","ISENTO","","N","223-2","06","",""
"PR","05.950.609/0001-45","85301050","9029178027","","N","206-2","03","",""
"MT","05.020.986/0002-66","78450000","136372112","","N","","03","",""
"RJ","02.934.622/0001-12","22461000","ISENTO","","N","399-9","06","",""
"PR","07.048.188/0001-97","82820460","9033639403","","N","","06","",""
"SP","07.689.002/0030-13","12237540","132651160116","","N","204-6","03","",""
"SP","10.687.942/0001-43","12401020","ISENTO","","N","224-0","06","",""
"SP","00.000.000/1053-76","15910000","ISENTO","","S","203-8","06","UNIAO",""
"ES","07.838.860/0001-48","29026010","082621896","","N","","03","",""
"ES","28.126.928/0001-36","29018190","080256724","","N","","03","",""
"SC","05.854.280/0001-19","89035200","ISENTO","","N","223-2","06","",""
"SP","39.714.922/0001-04","14010030","797665300115","","N","","03","",""
"ES","11.137.051/0965-15","29015330","084395729","","N","","03","",""
"CE","07.265.515/0001-62","60430235","ISENTO","","N","399-9","06","",""
"SP","04.728.228/0001-53","01419002","116276386114","RET107","N","","03","",""
"ES","39.786.983/0017-36","29706607","083529284","","N","","03","",""
"DF","03.766.873/0001-06","70306902","0740933100179","","N","","06","",""
"TO","49.777.586/0001-94","77803060","295554428","","N","","03","",""
"SP","38.733.648/0052-90","01418002","ISENTO","","N","","06","",""
"RJ","01.201.436/0001-01","22221020","ISENTO","","N","206-2","06","",""
"BA","08.562.883/0001-35","45810000","ISENTO","","N","206-2","06","",""
"ES","39.635.362/0001-94","29175266","ISENTO","","N","","06","",""
"MG","26.165.746/0001-49","36204336","0566461750038","","N","","03","",""
"AC","10.940.181/0001-90","69905006","0102227600170","","N","","03","",""
"BA","53.400.248/0010-05","06764290","117584446","","N","205-4","03","",""
"RS","16.561.401/0001-50","95750000","2210014136","","N","206-2","03","",""
"SP","33.667.526/0001-89","13255472","ISENTO","","N","","06","",""
"SP","66.848.086/0001-15","09210260","121442713119","","N","","03","",""
"SC","85.275.360/0001-59","89205000","ISENTO","","N","","06","",""
"GO","61.585.865/2402-09","75093670","107885867","","N","","03","",""
"SP","11.256.147/0001-63","11060003","ISENTO","","N","205-4","06","",""
"RS","12.507.681/0001-68","95770000","0470022108","","N","","03","",""
"SC","83.799.536/0001-46","89010920","ISENTO","","N","","06","",""
"RO","07.203.028/0001-75","76932000","00000001349325","AMOC","N","206-2","03","","200808281"
"SP","39.325.945/0001-19","04915065","129835040110","","N","","03","",""
"MT","14.953.277/0001-43","78896072","131161164","","N","206-2","03","",""
"GO","17.398.318/0001-75","75915000","105657360","","N","","03","",""
"ES","31.538.482/0001-61","29102310","083510770","","N","","06","",""
"DF","11.777.162/0001-57","70333900","0760596900110","","N","","06","",""
"AM","04.193.033/0001-56","69109899","041529081","AMOC","N","206-2","03","","200200542"
"RS","25.008.754/0001-19","95720000","ISENTO","","N","223-2","06","",""
"TO","10.572.068/0001-07","77320000","294137866","","N","","03","",""
"DF","03.117.224/0001-76","71625009","0798616500128","","N","","06","",""
"SP","04.681.164/0001-82","13508500","587254723113","","N","","03","",""
"PR","07.059.864/0001-28","80710150","ISENTO","","N","","06","",""
"PA","45.113.151/0001-94","68552695","ISENTO","","N","206-2","06","",""
"MG","01.727.929/0015-85","38702054","ISENTO","","N","214-3","06","",""
"SC","40.107.324/0001-48","89245000","260836060","","N","206-2","03","",""
"RJ","60.579.996/0001-63","27910362","15476370","","N","206-2","03","",""
"ES","19.791.896/0052-42","29168077","080913040","","N","206-2","03","",""
"SP","02.505.153/0001-16","13193580","465012034110","","N","","06","",""
"MG","42.837.716/0001-98","35903053","3178096680056","","N","","03","",""
"PR","82.394.099/0003-80","85770000","9112020699","","N","206-2","03","",""
"RJ","34.749.735/0001-34","20765000","ISENTO","","N","223-2","06","",""
"BA","08.947.399/0001-24","41770790","ISENTO","","N","206-2","06","",""
"SP","62.348.875/0001-36","05002070","ISENTO","","N","","06","",""
"SP","62.792.718/0001-15","05417000","ISENTO","","N","","06","",""
"RS","25.098.663/0001-11","90430000","ISENTO","","N","206-2","06","",""
"SP","13.064.871/0001-10","14020733","ISENTO","","N","","06","",""
"SC","02.745.351/0002-38","88050000","254796818","","N","","03","",""
"SP","45.435.260/0001-28","06455010","206047872111","","N","206-2","03","",""
"SP","10.745.759/0001-57","05802140","ISENTO","","N","","06","",""
"MG","15.126.437/0025-10","36038330","ISENTO","","S","201-1","06","",""
"SP","61.409.892/0003-35","34006050","0733001100119","","N","205-4","03","",""
"SP","56.354.897/0001-06","15115000","647148490113","","N","","03","",""
"PB","29.112.611/0001-03","58041000","163058164","","N","206-2","03","",""
"SC","10.979.108/0002-02","88020010","262301989","","N","206-2","03","",""
"SP","32.431.804/0001-31","08285000","123452159111","","N","","03","",""
"RJ","03.621.867/0001-52","22230060","","","N","","04","",""
"SC","04.044.480/0001-43","89108000","254101941","","N","206-2","03","",""
"RS","96.760.616/0001-30","93010190","ISENTO","","N","","06","",""
"BA","86.783.834/0001-36","45655120","038933103","","N","206-2","03","",""
"BA","47.129.156/0001-30","45980000","ISENTO","","N","","06","",""
"MG","46.191.028/0002-35","34006053","0150543277114","","N","","03","",""
"RJ","00.000.000/1179-78","24800097","ISENTO","","S","203-8","06","UNIAO",""
"RS","00.000.000/5418-69","96810908","ISENTO","","S","203-8","06","UNIAO",""
"SP","49.018.793/0001-65","04090003","ISENTO","","N","","06","",""
"SP","03.779.133/0100-88","13971023","ISENTO","","S","307-7","06","",""
"MA","29.489.805/0001-22","65092316","126842620","","N","","03","",""
"RS","13.292.241/0001-01","93950000","ISENTO","","N","206-2","06","",""
"SP","13.419.514/0001-28","01405900","ISENTO","","N","","06","",""
"ES","27.085.570/0001-88","29700100","ISENTO","","N","","06","",""
"TO","43.457.400/0001-33","77804060","295156686","","N","","03","",""
"SP","00.000.000/5044-08","04538905","ISENTO","","S","203-8","06","UNIAO",""
"PA","83.315.408/0001-80","66083340","ISENTO","","N","","06","",""
"RS","00.000.000/3869-52","96503472","ISENTO","","S","203-8","06","UNIAO",""
"SP","00.215.548/0001-59","01307001","ISENTO","","N","","06","",""
"AM","32.983.165/0022-41","69400286","ISENTO","","N","214-3","06","",""
"PE","13.223.833/0001-63","52050005","ISENTO","","N","206-2","06","",""
"SP","68.124.858/0001-00","09930270","286110488112","","N","206-2","03","",""
"PR","51.150.216/0001-74","86035360","ISENTO","","N","","06","",""
"SC","00.960.729/0001-00","88815030","ISENTO","","N","","06","",""
"BA","00.000.000/5592-10","44740000","ISENTO","","S","203-8","06","UNIAO",""
"PE","40.849.028/0001-12","53130555","ISENTO","","N","206-2","06","",""
"BA","05.391.187/0001-15","40010030","ISENTO","","N","","06","",""
"MG","02.023.055/0001-42","30110002","ISENTO","","N","","06","",""
"RJ","33.933.094/0001-00","20030015","ISENTO","","N","399-9","06","",""
"PE","26.852.688/0002-02","53130410","ISENTO","","N","206-2","06","",""
"SP","13.518.869/0001-74","09220340","626390619110","","N","","03","",""
"SP","10.796.018/0001-03","14096175","582809220114","","N","","03","",""
"SP","24.377.646/0001-50","04565000","ISENTO","","N","206-2","06","",""
"PA","35.432.295/0001-50","68685000","156689367","","N","","03","",""
"SP","28.272.818/0001-82","09080500","ISENTO","","N","206-2","06","",""
"RS","50.290.329/0061-43","96505830","0150154291","","N","205-4","03","",""
"BA","24.233.779/0005-87","41741110","ISENTO","","N","","06","",""
"PR","57.864.574/0001-25","86050460","ISENTO","","N","205-4","06","",""
"MG","03.320.525/0001-00","38440148","ISENTO","","N","","06","",""
"GO","03.396.403/0001-90","74650300","103197800","","N","206-2","03","",""
"SP","88.616.149/0002-21","14803036","181145325114","","N","206-2","03","",""
"SP","00.075.511/0001-72","13253600","382136039110","","N","206-2","03","",""
"RJ","32.318.867/0001-86","22260006","ISENTO","","N","","06","",""
"SP","59.038.698/0001-87","13480083","ISENTO","","N","","06","",""
"RS","73.750.424/0009-02","96055150","ISENTO","","N","214-3","06","",""
"BA","59.736.354/0001-41","41231205","228620622","","N","213-5","03","",""
"SP","01.250.090/0001-31","04726220","ISENTO","","N","","06","",""
"ES","06.353.538/0001-66","29930015","082270562","","N","206-2","03","",""
"PR","36.578.492/0001-44","85640000","ISENTO","","N","206-2","06","",""
"SP","37.575.031/0001-80","03035000","129174267111","","N","206-2","03","",""
"SP","03.837.557/0001-70","04533011","ISENTO","","N","206-2","06","",""
"PR","75.986.232/0001-60","81690150","ISENTO","","N","","06","",""
"MT","45.000.687/0001-01","78460001","140183833","","N","","03","",""
"RS","58.671.323/0001-97","95607148","1410120209","","N","206-2","03","",""
"MA","29.316.596/0008-91","65800000","128223464","","N","","03","",""
"BA","09.120.605/0001-90","41950495","075362803","","N","206-2","03","",""
"RJ","08.607.567/0001-32","22461002","ISENTO","","N","223-2","06","",""
"SC","83.637.025/0001-28","89010912","ISENTO","","N","206-2","06","",""
"MT","26.143.741/0001-15","78635000","ISENTO","","N","","06","",""
"SP","02.000.874/0001-74","13150001","276059062116","","N","206-2","03","",""
"SP","22.206.800/0001-04","01206001","ISENTO","","N","","06","",""
"SC","32.356.027/0001-08","89072200","260037087","","N","","03","",""
"SC","07.549.194/0001-28","88355000","255033230","","N","","03","",""
"MS","00.211.271/0001-96","79071340","ISENTO","","N","","06","",""
"SP","00.692.788/0001-44","09750620","ISENTO","","N","223-2","06","",""
"SP","15.428.894/0003-54","06600160","398162080113","","N","206-2","03","",""
"BA","03.007.331/0097-93","42735100","195222822","","N","","03","",""
"SP","04.999.489/0001-08","06361400","255187665114","","N","206-2","03","",""
"ES","27.777.903/0001-30","29342000","080128840","","N","","03","",""
"PE","55.389.859/0001-26","53130240","ISENTO","","N","206-2","06","",""
"GO","28.022.726/0001-44","74723100","ISENTO","","N","","06","",""
"SP","53.432.100/0001-53","02462080","149496330113","","N","","03","",""
"SC","83.205.955/0001-02","88015100","ISENTO","","N","","06","",""
"RS","82.459.116/0005-81","90035072","0963861808","","N","","03","",""
"RO","84.652.767/0001-95","76804420","00000000457540","","N","","03","",""
"RJ","29.771.961/0001-81","20051011","ISENTO","","N","","06","",""
"MG","01.878.284/0001-86","32215000","1866758600079","","N","","03","",""
"GO","02.685.006/0001-75","76388899","100325645","","N","206-2","03","",""
"SP","43.120.817/0001-06","11724190","558746506114","","N","","03","",""
"MS","02.916.265/0202-76","79750000","283790580","","N","204-6","03","",""
"SP","16.746.270/0001-86","05058000","ISENTO","","N","","06","",""
"AM","24.352.003/0001-52","69006240","063009242","ZFM","N","206-2","03","","200141627"
"DF","37.063.328/0001-67","71680120","ISENTO","","N","206-2","06","",""
"MG","04.834.065/0006-06","37558750","ISENTO","","N","","06","",""
"SC","01.709.285/0001-05","88102001","ISENTO","","N","","06","",""
"SP","59.105.635/0002-87","09615020","635006710113","","N","","03","",""
"SC","08.937.631/0001-43","89500064","255444214","","N","206-2","03","",""
"MG","26.189.084/0001-47","35541000","4566519960004","","N","","03","",""
"RJ","41.232.039/0001-11","20011001","ISENTO","","N","","06","",""
"AM","15.690.824/0001-08","69850000","053248929","","N","","03","",""
"SP","59.649.874/0001-17","01453050","ISENTO","","N","","06","",""
"MG","48.632.817/0001-09","35490000","0044860630076","","N","","03","",""
"SP","45.044.159/0001-46","12917021","ISENTO","","N","205-4","06","",""
"SP","24.691.690/0001-30","14021655","ISENTO","","N","206-2","06","",""
"BA","14.414.973/0001-81","42816280","ISENTO","","N","205-4","06","",""
"SC","02.273.421/0001-11","88349153","253645328","","N","","03","",""
"SP","01.768.732/0001-99","01454020","ISENTO","","N","308-5","06","",""
"SP","43.473.227/0001-67","13720083","ISENTO","","N","","06","",""
"BA","14.038.210/0001-83","44245000","009139062","","N","","03","",""
"GO","32.487.278/0001-21","74275150","107813750","","N","","03","",""
"RS","00.000.000/5513-17","95280000","ISENTO","","S","203-8","06","UNIAO",""
"MS","03.675.544/0001-41","79022300","283129026","","N","","03","",""
"SP","13.644.677/0001-04","04578910","","","N","","04","",""
"SP","52.181.500/0001-70","07222170","796525620114","","N","206-2","03","",""
"SP","06.698.560/0001-48","04739010","ISENTO","","N","206-2","06","",""
"RS","11.436.099/0001-95","90110230","ISENTO","","N","206-2","06","",""
"MG","33.248.722/0001-19","39800015","0034162820090","","N","","03","",""
"SP","50.930.013/0001-38","08693480","672641693111","","N","","03","",""
"BA","17.261.509/0010-81","40050310","ISENTO","","N","","06","",""
"RJ","21.990.789/0001-45","26013120","ISENTO","","N","206-2","06","",""
"DF","33.621.384/1959-63","70830353","0731887600209","","N","","06","",""
"RJ","34.151.100/0009-98","27977300","79151440","","N","205-4","03","",""
"MG","33.641.663/0060-02","36707899","0049590890008","","N","306-9","03","",""
"SP","02.013.873/0001-64","13480644","417143123113","","N","","03","",""
"ES","10.935.678/0001-10","29702821","ISENTO","","N","206-2","06","",""
"PR","58.691.909/0001-13","87180000","ISENTO","","N","213-5","06","",""
"SP","58.795.303/0001-28","06454000","206836645110","","N","206-2","03","",""
"RJ","02.976.581/0006-31","28898008","11756093","","N","206-2","03","",""
"SC","08.313.517/0001-42","88240000","255261748","","N","","03","",""
"RS","03.158.370/0001-40","92020392","ISENTO","","N","223-2","06","",""
"SP","49.445.732/0001-84","04302020","ISENTO","","N","224-0","06","",""
"RS","03.332.469/0001-16","96810192","ISENTO","","N","206-2","06","",""
"PR","29.963.344/0001-88","81150240","ISENTO","","N","213-5","06","",""
"PR","75.784.140/0001-05","87213000","8330187795","","N","","03","",""
"PA","14.202.186/0002-57","68515000","155548280","","N","","03","",""
"PR","11.136.197/0001-07","86050460","ISENTO","","N","206-2","06","",""
"SP","31.332.061/0001-80","18960000","212019102118","","N","230-5","03","",""
"MG","04.191.784/0001-33","30112010","0028004090036","","N","","03","",""
"RS","08.386.498/0001-84","95670038","0560071574","","N","","03","",""
"MG","03.200.562/0001-77","36500006","6990271160095","","N","","03","",""
"MG","21.253.729/0007-35","35680590","3381236730662","","N","","03","",""
"SP","59.408.005/0001-09","13212216","120602762116","","N","","03","",""
"SP","13.462.848/0001-84","13613100","415064591114","","N","","03","",""
"MT","05.502.368/0001-71","78043538","132150255","","N","","03","",""
"RJ","10.914.634/0001-03","23898893","78795700","","N","","03","",""
"MT","11.505.840/0001-22","78698000","ISENTO","","N","206-2","06","",""
"SP","22.968.897/0002-65","13303529","ISENTO","","N","","06","",""
"RS","89.370.787/0001-97","90480140","ISENTO","","N","","06","",""
"CE","07.047.251/0001-70","60135040","061058483","","N","204-6","03","",""
"PE","11.351.301/0001-86","56000000","ISENTO","","N","","06","",""
"BA","42.970.332/0001-49","41745023","183151560","","N","","03","",""
"CE","03.503.868/0001-00","60822315","062887904","","S","102-3","06","",""
"SP","37.226.402/0001-19","13170010","ISENTO","","N","","06","",""
"RJ","28.717.106/0001-20","20020080","ISENTO","","N","","06","",""
"SP","01.536.675/0001-12","15990150","441036262118","","N","206-2","03","",""
"MG","21.425.822/0001-94","37701726","ISENTO","","N","","06","",""
"MG","23.527.593/0001-44","37508000","0026485900063","","N","","06","",""
"SP","16.443.263/0001-05","09950000","ISENTO","","N","","06","",""
"AM","09.675.751/0007-78","69058250","054674557","","N","206-2","03","",""
"SP","00.164.787/0001-27","03102006","116857166115","","N","206-2","03","",""
"PE","49.068.198/0001-34","51110160","ISENTO","","N","","03","",""
"MT","01.346.979/0001-17","78305500","131702211","","N","","03","",""
"SP","26.745.658/0001-16","05412001","ISENTO","","N","","06","",""
"SP","24.616.213/0001-00","08616290","672325913118","","N","206-2","03","",""
"PR","75.263.475/0001-70","86813240","6360239061","","N","205-4","03","",""
"AM","22.464.351/0001-96","69057025","ISENTO","","N","223-2","06","",""
"SP","05.208.227/0001-40","01136001","116424989115","","N","","03","",""
"GO","20.594.387/0001-69","74093250","109536827","","N","206-2","03","",""
"SP","62.178.124/0001-19","18020070","669198710111","","N","206-2","03","",""
"RS","86.721.776/0001-16","93900000","ISENTO","","N","","06","",""
"PB","00.000.000/0151-13","58700020","ISENTO","","S","203-8","06","UNIAO",""
"SP","48.662.175/0010-81","14870000","391024026110","","N","214-3","03","",""
"MG","24.515.118/0001-10","30160048","ISENTO","","N","","06","",""
"SC","06.133.685/0001-20","88801305","ISENTO","","N","206-2","06","",""
"SP","45.804.055/0001-92","11775452","524176655110","","N","","03","",""
"MG","12.613.672/0001-51","30180106","0016703350086","","N","","03","",""
"SP","01.799.016/0001-79","14096730","582440148116","","N","206-2","03","",""
"GO","59.223.270/0001-04","74425350","202352102","","N","","03","",""
"PR","13.376.191/0001-32","83183000","9071625750","","N","206-2","03","",""
"SP","01.153.951/0001-63","13486251","417616040114","","N","230-5","03","",""
"RS","90.318.338/0001-89","91060410","ISENTO","","N","","06","",""
"SP","00.377.455/0001-20","06463290","206799484118","","N","","03","",""
"SP","09.110.028/0001-56","05407004","ISENTO","","N","206-2","06","",""
"MT","26.563.270/0001-02","78850000","ISENTO","","N","","06","",""
"PA","19.578.887/0001-28","68637000","154366099","","N","","03","",""
"SP","37.308.765/0001-01","18200180","ISENTO","","N","","06","",""
"RO","70.431.630/0021-40","76940000","ISENTO","","N","214-3","06","",""
"SP","04.660.028/0001-06","13184891","ISENTO","","N","206-2","03","",""
"MG","26.185.591/0002-93","30110043","ISENTO","","N","","06","",""
"MG","18.241.745/0001-08","37900096","","","N","","04","",""
"MG","06.000.968/0001-02","35702153","6722653690064","","N","206-2","03","",""
"RS","04.637.205/0001-33","93410615","0860314910","","N","206-2","03","",""
"SP","35.705.066/0002-42","06504008","623239120112","","N","206-2","03","",""
"RJ","05.142.929/0048-32","22451901","14817735","","N","206-2","03","",""
"MG","22.350.482/0001-42","36640000","3980772880099","","N","","03","",""
"PE","45.858.281/0001-56","51011051","ISENTO","","N","","06","",""
"SP","48.150.719/0001-35","06877155","370276833110","","N","206-2","03","",""
"SP","07.813.997/0001-48","13521140","ISENTO","","N","","06","",""
"SP","20.432.851/0001-10","18132900","653172441113","","N","206-2","03","",""
"RS","10.472.428/0001-90","95650000","1610073697","","N","","03","",""
"SE","13.115.183/0001-32","49080470","","","N","","04","",""
"RJ","33.837.683/0001-95","22420043","81528349","","N","","03","",""
"SC","48.648.869/0009-20","89135000","256276595","","N","206-2","03","",""
"RJ","09.024.465/0005-80","22421010","11438539","","N","206-2","03","",""
"RJ","52.361.307/0001-11","23052170","13776377","","N","206-2","03","",""
"RS","00.000.000/3615-34","95240000","ISENTO","","S","203-8","06","UNIAO",""
"RS","47.015.191/0001-29","97640000","ISENTO","","N","206-2","06","",""
"MG","21.483.359/0010-28","35660251","4713164920578","","N","","03","",""
"SP","03.577.891/0001-31","15053750","647316551116","","N","206-2","03","",""
"SP","44.480.283/0001-91","01030001","114832690110","","N","","03","",""
"MG","00.827.783/0030-16","38408663","3949956620810","","N","205-4","03","",""
"SP","07.594.978/0393-84","09770350","ISENTO","","N","","06","",""
"SP","16.585.564/0001-73","04145010","131592105115","","N","","06","",""
"GO","20.500.092/0004-29","75835059","107397030","","N","","03","",""
"DF","10.266.935/0001-78","70632400","0750844000150","","N","","03","",""
"SP","15.561.569/0001-01","01422900","ISENTO","","N","223-2","06","",""
"MG","30.552.887/0002-72","30130174","0033020910013","","N","206-2","03","",""
"MG","60.058.565/0001-51","34011033","ISENTO","","N","","06","",""
"RS","90.727.462/0001-06","98700000","0650001427","","N","206-2","03","",""
"SP","05.514.464/0001-30","13201840","ISENTO","","N","","06","",""
"MT","28.928.704/0001-48","78711082","138913633","","N","","03","",""
"SP","19.900.250/0001-06","01452001","143335413118","","N","206-2","03","",""
"MT","22.208.815/0002-84","78746010","136069576","","N","206-2","03","",""
"SP","30.482.148/0001-70","13213235","407826478110","","N","206-2","03","",""
"DF","08.448.846/0001-09","71250510","0748195800191","","N","","06","",""
"SP","02.961.836/0001-88","13470120","165371096119","","N","206-2","03","",""
"PR","07.122.321/0001-08","85501043","ISENTO","","N","214-3","06","",""
"TO","31.904.506/0001-59","77860000","ISENTO","","N","","06","",""
"SP","02.825.033/0001-04","12570900","ISENTO","","N","","06","",""
"SC","75.870.592/0001-00","89030100","ISENTO","","N","","06","",""
"SC","83.646.653/0001-70","88850000","250228076","","N","214-3","03","",""
"SP","47.565.155/0009-96","12421090","ISENTO","","N","214-3","06","",""
"DF","17.289.619/0001-60","71200040","0762953900180","","N","","03","",""
"PE","08.720.494/0003-52","55034185","111096707","","N","206-2","03","",""
"SP","54.083.035/0001-60","05347010","111262011110","","N","206-2","03","",""
"MT","48.452.787/0001-59","78555453","ISENTO","","N","206-2","06","",""
"PR","05.231.945/0002-19","86884000","ISENTO","","N","","06","",""
"PR","10.362.306/0001-41","86140000","9058990407","","N","","03","",""
"SC","34.692.057/0001-10","89218501","260213179","","N","","03","",""
"MG","05.554.082/0001-30","37538627","5969987270026","","N","206-2","03","",""
"MG","49.332.763/0001-29","38610041","ISENTO","","N","","06","",""
"PA","29.929.576/0001-10","68240000","155964801","","N","","03","",""
"GO","00.000.000/0377-88","73801010","ISENTO","","S","203-8","06","UNIAO",""
"RS","41.177.966/0001-86","93310340","0860541126","","N","","03","",""
"SP","54.420.866/0001-80","13405011","ISENTO","","N","224-0","06","",""
"SP","60.474.773/0001-31","04530904","ISENTO","","N","","06","",""
"RJ","30.117.329/0001-06","20031004","ISENTO","","N","","06","",""
"RS","58.812.160/0001-15","99025070","8004357251","","N","","03","",""
"PR","07.594.978/0642-22","85020000","ISENTO","","N","204-6","06","",""
"SP","48.748.230/0004-02","06602100","398092978110","","N","","03","",""
"RS","89.086.672/0001-75","95115550","0290063299","","N","","03","",""
"RS","06.101.180/0001-84","95170508","0450072827","","N","","03","",""
"SP","41.251.718/0001-38","06473000","206865974111","","N","206-2","03","",""
"MG","47.757.212/0001-81","30380435","ISENTO","","N","206-2","06","",""
"SC","18.203.326/0001-81","88521750","257057854","","N","206-2","03","",""
"SC","03.528.305/0001-69","89202212","ISENTO","","N","","06","",""
"SP","49.009.424/0006-10","11060003","132179381114","","N","205-4","03","",""
"RJ","48.142.651/0001-42","24240660","ISENTO","","N","","06","",""
"SP","53.611.221/0001-62","04142091","ISENTO","","N","206-2","06","",""
"SP","08.083.101/0001-85","17539007","438231884113","","N","206-2","03","",""
"RJ","53.532.726/0001-31","20720010","14354000","","N","206-2","03","",""
"MS","08.458.357/0001-20","79170000","283409770","","N","","03","",""
"DF","55.130.452/0001-80","70830014","ISENTO","","N","399-9","06","",""
"ES","11.916.306/0001-09","29101115","082722790","","N","","03","",""
"SC","04.220.662/0001-28","88370053","ISENTO","","N","206-2","06","",""
"MT","34.321.438/0001-93","78043409","ISENTO","","N","","06","",""
"MG","10.888.334/0001-05","39680000","0012191400000","","N","","03","",""
"DF","14.044.308/0001-43","72015035","0758299300109","","N","","03","",""
"SP","19.917.881/0001-38","06454040","206340506118","","N","206-2","03","",""
"MT","35.848.987/0001-83","78302020","ISENTO","","N","206-2","06","",""
"SP","05.080.212/0001-40","13218860","407405082118","","N","206-2","03","",""
"SC","48.184.229/0001-50","88032005","ISENTO","","N","206-2","06","",""
"RS","00.000.000/2435-07","98430000","ISENTO","","S","203-8","06","UNIAO",""
"MG","07.028.528/0009-75","36970000","2362080050477","","N","","03","",""
"SP","10.326.174/0010-93","09531190","636349746110","","N","","03","",""
"MG","03.977.522/0005-60","37026590","3490935480220","","N","206-2","03","",""
"GO","12.630.261/0001-74","76056060","106448765","","N","","03","",""
"MG","36.757.362/0001-79","34007790","0037001100072","","N","","03","",""
"PR","00.679.782/0001-37","80710570","1000601248","","N","206-2","03","",""
"GO","22.563.145/0001-33","74175150","ISENTO","","N","","06","",""
"RS","35.402.759/0058-10","94075500","0570269733","","N","","03","",""
"PE","01.135.153/0004-51","54590000","037793780","","N","206-2","03","",""
"SP","61.590.410/0001-24","01308901","ISENTO","","N","","06","",""
"RS","05.601.029/0001-42","93534000","0860344240","","N","","03","",""
"MG","12.819.899/0001-58","30350093","0017342240087","","N","206-2","03","",""
"MS","03.327.988/0003-58","79300000","283622270","","N","205-4","03","",""
"MG","39.507.407/0001-45","35400000","ISENTO","","N","","06","",""
"PB","48.983.796/0001-76","58449000","ISENTO","","N","232-1","06","",""
"PB","17.262.153/0001-00","58400268","ISENTO","","N","206-2","06","",""
"SP","04.798.304/0001-05","17210544","ISENTO","","N","399-9","06","",""
"MG","14.749.549/0010-89","31270122","0018855010484","","N","206-2","03","",""
"BA","32.966.297/0001-30","48700000","156168166","","N","206-2","03","",""
"SP","61.577.904/0001-79","01311902","105800390116","","N","206-2","03","",""
"RN","21.795.352/0003-12","59147190","205241255","","N","206-2","03","",""
"SP","62.195.250/0001-81","01303060","108987091111","","N","","03","",""
"RO","04.392.056/0001-90","76997000","ISENTO","","N","","06","",""
"MG","47.895.970/0001-66","30360100","ISENTO","","N","","06","",""
"MG","03.773.834/0019-57","32670364","ISENTO","","N","307-7","06","",""
"PR","07.679.313/0002-48","80430180","ISENTO","","N","","06","",""
"SP","62.445.838/0001-46","05426100","108111656110","","N","","06","",""
"SP","44.915.485/0001-19","13040063","122708762110","","N","","03","",""
"ES","54.078.831/0001-05","29143738","084231521","","N","","06","",""
"PB","18.887.184/0002-08","58706240","162589441","","N","206-2","03","",""
"RS","00.708.084/0001-12","93310330","0860235882","","N","","03","",""
"PI","07.241.136/0005-66","64007240","ISENTO","","N","","06","",""
"MG","59.663.714/0001-22","30180099","ISENTO","","N","223-2","06","",""
"PR","14.661.618/0001-07","83323020","ISENTO","","N","206-2","06","",""
"SP","31.463.202/0001-01","13480151","ISENTO","","N","","06","",""
"MG","17.764.399/0002-60","38700196","ISENTO","","N","","06","",""
"RS","45.769.290/0001-70","93260490","0430157029","","N","","03","",""
"BA","37.826.966/0001-92","42702630","169299206","","N","206-2","03","",""
"RJ","11.121.254/0001-84","22631003","ISENTO","","N","","06","",""
"SP","00.960.912/0001-05","14140000","279072956112","","N","206-2","03","",""
"SP","55.527.931/0002-15","11065100","132091712113","","N","","03","",""
"RS","08.579.164/0001-27","98500000","ISENTO","","N","399-9","06","",""
"GO","26.272.873/0001-47","74230035","106736469","","N","","03","",""
"SP","08.334.000/0001-30","07411165","188089341119","","N","","03","",""
"MS","17.707.168/0001-34","79064090","283869860","","N","206-2","03","",""
"SP","24.190.824/0001-30","14025030","ISENTO","","N","206-2","06","",""
"MS","45.073.263/0001-69","79045232","ISENTO","","N","","06","",""
"SP","27.463.427/0001-82","06709900","ISENTO","","N","206-2","06","",""
"SP","04.375.003/0001-60","04571050","120740960114","","N","206-2","03","",""
"SC","78.824.224/0001-05","88135380","251188701","","N","206-2","03","",""
"PE","59.221.777/0001-29","55014220","ISENTO","","N","206-2","06","",""
"ES","21.407.495/0001-48","29165310","083070435","","N","213-5","03","",""
"RS","41.180.160/0001-47","90480003","ISENTO","","N","206-2","06","",""
"MG","00.969.841/0001-01","38413012","ISENTO","","N","","06","",""
"SP","03.078.137/0001-57","05841000","115535909111","","N","","03","",""
"SC","18.688.141/0001-04","88062108","ISENTO","","N","399-9","06","",""
"PB","19.791.896/0166-00","58301080","164331212","","N","206-2","03","",""
"RO","00.000.000/4682-58","76801151","ISENTO","","S","203-8","06","UNIAO",""
"MT","15.264.439/0001-07","78175000","134831470","","N","","03","",""
"SP","06.972.272/0001-30","12582014","ISENTO","","N","","06","",""
"GO","01.571.066/0001-02","74673060","ISENTO","","N","399-9","06","",""
"AL","12.635.090/0001-76","57920000","240888774","","N","","03","",""
"SP","40.222.504/0001-70","08970000","ISENTO","","N","","06","",""
"RS","11.133.849/0001-50","96825145","1080165697","","N","","03","",""
"MG","10.763.773/0002-64","36016290","ISENTO","","N","206-2","06","",""
"MG","02.031.332/0001-69","35930117","ISENTO","","N","","06","",""
"SC","10.837.640/0001-04","88090500","ISENTO","","N","","06","",""
"SP","09.524.129/0001-73","17020310","209478216114","","N","206-2","03","",""
"SP","09.012.841/0001-93","01245000","ISENTO","","N","206-2","06","",""
"MG","17.468.398/0002-79","30240010","ISENTO","","N","206-2","06","",""
"SP","06.940.040/0002-80","04543000","120935103115","","N","206-2","03","",""
"RJ","30.719.595/0002-81","22793080","ISENTO","","N","","06","",""
"MG","48.965.624/0001-70","35171053","0045085700058","","N","206-2","03","",""
"RS","44.032.188/0001-25","91340000","ISENTO","","N","","06","",""
"PR","49.160.258/0001-44","82515330","ISENTO","","N","","06","",""
"RS","90.369.521/0003-75","90110000","0962674818","","N","","03","",""
"PR","75.041.871/0001-52","80010000","ISENTO","","N","","06","",""
"MT","37.476.728/0001-02","78045000","ISENTO","","N","","06","",""
"CE","00.000.000/4931-04","60822164","ISENTO","","S","203-8","06","UNIAO",""
"SC","27.923.235/0001-01","89010401","ISENTO","","N","206-2","06","",""
"SC","51.939.164/0001-10","88301701","ISENTO","","N","206-2","06","",""
"PR","05.284.869/0001-29","80215242","9033482679","","N","206-2","03","",""
"RS","01.313.211/0001-47","90440011","0963144880","","N","206-2","03","",""
"SP","21.458.370/0001-47","18087149","151027290117","","N","","03","",""
"ES","41.857.780/0003-30","29070075","082502951","","N","","03","",""
"PR","11.977.897/0001-24","80710500","ISENTO","","N","","06","",""
"RO","04.926.895/0001-40","76914878","00000000041394","","N","","03","",""
"MG","19.838.804/0001-92","37143000","6692461490018","","N","214-3","03","",""
"AL","41.948.207/0001-70","57420000","240034295","","N","206-2","03","",""
"RJ","46.230.437/0001-12","27285350","ISENTO","","N","","06","",""
"DF","60.123.751/0001-27","71996010","0838151300184","","N","205-4","03","",""
"SP","09.368.935/0001-08","19940009","142166219111","REV","N","","03","",""
"RS","12.384.687/0001-95","90240110","0964019825","","N","","03","",""
"GO","32.160.399/0001-64","74085500","107464586","","N","","03","",""
"SE","09.381.167/0001-14","49035050","ISENTO","","N","","06","",""
"SE","54.129.498/0001-16","49490000","ISENTO","","N","","06","",""
"SP","00.000.000/3332-47","15920000","ISENTO","","S","203-8","06","UNIAO",""
"CE","56.745.775/0001-40","60150190","072075180","","N","","03","",""
"SP","01.113.986/0001-79","04085002","114639871113","","N","206-2","06","",""
"SP","07.594.978/0541-89","06810315","ISENTO","","N","","06","",""
"SP","09.078.252/0001-08","09520070","ISENTO","","N","","06","",""
"PE","11.965.860/0001-86","52061400","ISENTO","","N","206-2","06","",""
"SP","61.295.473/0023-63","01141050","149797915116","","N","206-2","03","",""
"SP","07.734.216/0001-20","12948128","190172660116","","N","206-2","03","",""
"RJ","30.101.026/0001-97","20040912","ISENTO","","N","","06","",""
"SP","05.983.189/0001-01","13347434","353381943117","","N","206-2","03","",""
"SC","05.979.692/0001-85","88080010","ISENTO","","N","214-3","06","",""
"BA","47.622.374/0001-02","42850000","197894971","","N","206-2","03","",""
"MT","05.891.185/0001-95","78030245","ISENTO","","N","","06","",""
"RS","03.945.709/0001-58","94065340","0570191777","","N","","03","",""
"MG","33.000.167/0093-20","32669205","0670556180037","RET14","S","203-8","03","UNIAO",""
"SP","24.821.537/0001-80","14810115","181523542119","","N","","03","",""
"SP","53.061.047/0001-21","06454000","ISENTO","","N","215-1","06","",""
"SP","01.271.115/0001-83","04304000","ISENTO","","N","","06","",""
"SP","12.408.867/0001-60","03311000","ISENTO","","N","","06","",""
"SP","53.323.499/0001-34","12243360","ISENTO","","N","206-2","06","",""
"PR","42.599.019/0001-46","81280140","1014092362","","N","206-2","03","",""
"SP","59.480.558/0001-64","01042901","ISENTO","","N","399-9","06","",""
"PR","27.046.335/0001-05","81830060","ISENTO","","N","206-2","06","",""
"RS","07.789.113/0003-29","90880001","ISENTO","","N","206-2","06","",""
"DF","03.657.152/0001-50","70770536","ISENTO","","N","313-1","06","",""
"RS","84.304.179/0009-18","93220110","ISENTO","","N","","06","",""
"PA","00.000.000/3691-95","68515000","ISENTO","","S","203-8","06","UNIAO",""
"SP","51.935.595/0001-08","14801200","ISENTO","","N","206-2","06","",""
"SC","81.029.043/0001-00","88811760","252858930","","N","","03","",""
"SP","61.096.996/0003-37","13211840","407095260115","","N","206-2","03","",""
"PR","75.954.891/0001-14","80410170","ISENTO","","S","111-2","06","",""
"MT","45.462.817/0001-10","78050070","ISENTO","","N","206-2","06","",""
"RJ","18.683.283/0001-89","20771003","86610043","","N","206-2","03","",""
"SC","72.227.853/0001-71","89820000","254171443","","N","","03","",""
"AL","12.277.489/0001-22","57100000","240019636","","N","","03","",""
"SP","16.894.303/0001-35","04004070","ISENTO","","N","206-2","06","",""
"SP","16.937.595/0001-46","13255155","382076383119","IND","N","206-2","03","",""
"SP","18.580.633/0001-81","04795912","142637355116","","N","206-2","03","",""
"SP","17.164.225/0001-86","13205005","407584020113","","N","","03","",""
"BA","07.403.922/0001-99","44565000","072486494","","N","","03","",""
"SP","59.069.336/0001-53","11259048","738002897115","","N","206-2","03","",""
"SP","03.038.133/0001-45","03316000","ISENTO","","N","","06","",""
"SP","09.052.229/0001-44","05425011","149799634118","","N","206-2","06","",""
"MS","04.836.457/0001-91","79150011","ISENTO","","N","206-2","06","",""
"SP","61.105.474/0001-92","02147901","108370980111","","N","206-2","03","",""
"MT","10.851.981/0001-34","78643000","133717941","REV","N","213-5","03","",""
"PR","81.115.149/0017-85","85301060","ISENTO","","N","","06","",""
"SP","03.812.296/0001-33","01420005","ISENTO","","N","","06","",""
"SP","17.366.932/0012-08","16010430","ISENTO","","N","","06","",""
"SP","64.920.606/0001-28","05874230","ISENTO","","N","","06","",""
"SP","18.425.840/0001-61","14095070","ISENTO","","N","","06","",""
"SC","04.774.718/0001-96","88331410","ISENTO","","N","","06","",""
"RS","11.124.629/0005-93","90200001","0963386620","","N","206-2","03","",""
"SP","31.423.169/0001-88","07034010","127190353119","","N","206-2","03","",""
"RJ","05.155.127/0001-01","28943042","ISENTO","","N","","06","",""
"SP","03.150.092/0001-84","13977110","374084878110","","N","206-2","03","",""
"PR","76.125.244/0001-62","86706000","6280220629","","N","","03","",""
"ES","45.901.867/0003-18","29102023","083891099","","N","","03","",""
"RJ","42.446.277/0188-06","25230276","14651780","","N","206-2","03","",""
"PR","59.333.648/0001-22","85903060","ISENTO","","N","","06","",""
"MT","77.294.254/0058-20","78400000","135235413","","N","","03","",""
"SP","18.693.554/0001-87","01452001","142700544110","","N","206-2","03","",""
"PR","04.407.406/0001-44","80410201","9098186996","","N","","03","",""
"PR","05.763.648/0001-33","80530905","ISENTO","","N","223-2","06","",""
"SP","05.407.636/0001-76","13471577","165504900110","","N","","03","",""
"SP","54.508.237/0001-07","06855870","370319365117","","N","205-4","03","",""
"SP","61.238.465/0001-70","09921005","286008284112","","N","206-2","03","",""
"SP","21.610.278/0001-50","02068030","144156832119","","N","206-2","03","",""
"SP","60.306.289/0001-01","01452001","112284880118","","N","","03","",""
"MT","39.944.352/0001-30","78700050","ISENTO","","N","399-9","06","",""
"PE","05.633.849/0001-16","51110160","ISENTO","","N","206-2","06","",""
"CE","07.783.832/0001-70","60125101","ISENTO","","N","","06","",""
"SP","60.672.441/0001-61","02912000","105148284113","","N","206-2","03","",""
"SC","07.079.459/0001-71","88904172","260279064","","N","213-5","03","",""
"SP","12.941.699/0001-73","13478712","165175491111","","N","","03","",""
"MT","08.490.635/0001-26","78098400","133296946","","N","206-2","03","",""
"RS","30.649.411/0001-73","90620130","ISENTO","","N","","06","",""
"GO","17.707.775/0001-02","76630000","105601799","","N","","03","",""
"RS","93.185.452/0001-76","90200110","0962096717","","N","","03","",""
"SP","47.014.436/0001-01","13208770","ISENTO","","N","","06","",""
"SP","65.441.255/0001-35","18085090","669221456118","","N","206-2","03","",""
"PR","81.395.873/0001-42","83015610","9026454970","","N","206-2","03","",""
"GO","13.019.295/0001-90","74672680","104934980","","N","206-2","03","",""
"RS","00.258.553/0001-49","93022690","ISENTO","","N","206-2","06","",""
"SC","24.185.411/0001-67","88302350","ISENTO","","N","","06","",""
"SP","52.907.862/0001-04","04365001","110918934119","","N","206-2","03","",""
"BA","32.143.339/0001-33","41820020","ISENTO","","N","","06","",""
"ES","02.580.899/0001-94","29370000","ISENTO","","N","","06","",""
"ES","17.897.008/0001-03","29066040","ISENTO","","N","","06","",""
"MT","12.488.394/0001-58","78550176","ISENTO","","N","","06","",""
"PR","60.535.483/0001-50","83075215","ISENTO","","N","213-5","06","",""
"RS","01.315.352/0001-07","93022680","1240199993","","N","","03","",""
"SP","82.170.291/0008-05","01301903","ISENTO","","N","","06","",""
"SP","51.427.102/0294-53","02712120","ISENTO","","N","","03","",""
"MG","43.618.363/0001-06","30112021","ISENTO","","N","223-2","06","",""
"SP","06.136.072/0001-47","18046390","6699526897118","","N","","03","",""
"MT","03.488.137/0001-25","78045305","ISENTO","","N","","06","",""
"ES","48.144.177/0001-98","29135394","084283203","","N","","06","",""
"RS","53.937.907/0001-48","98300000","ISENTO","","N","206-2","06","",""
"SC","05.611.674/0001-46","89770000","254895921","","N","","03","",""
"SC","43.963.816/0001-23","89217001","261372734","","N","206-2","03","",""
"RS","44.966.180/0001-36","96600000","8002564705","","N","213-5","03","",""
"PE","02.941.990/0015-93","55297654","ISENTO","","N","205-4","06","",""
"CE","28.614.916/0001-50","61656030","067704212","","N","213-5","03","",""
"SP","02.762.121/0009-53","11472600","335141721119","","N","204-6","03","",""
"ES","12.605.284/0001-29","29050555","ISENTO","","N","","06","",""
"MA","03.995.515/0307-40","65590000","128256613","","N","205-4","03","",""
"SC","05.317.331/0004-16","88316001","258336536","","N","206-2","03","",""
"MG","04.901.960/0001-83","36530000","6151635030031","","N","206-2","03","",""
"PA","07.962.437/0001-55","68508030","ISENTO","","N","","06","",""
"RS","92.885.888/0001-05","90240004","ISENTO","","N","223-2","06","",""
"MG","07.459.492/0001-27","38609899","4703547720075","","N","205-4","03","",""
"SP","33.035.029/0002-49","11010121","633855260116","","N","206-2","03","",""
"SC","81.630.246/0001-49","88353501","251977145","","N","206-2","03","",""
"SP","71.788.301/0001-70","12970000","534013847114","","N","","06","",""
"MG","66.294.976/0001-22","38400370","7027699780095","","N","206-2","03","",""
"PR","45.616.609/0001-28","81560170","ISENTO","","N","206-2","06","",""
"MG","14.633.154/0002-06","39200000","0018737390147","","N","","03","",""
"RS","87.779.625/0002-62","99500000","ISENTO","","N","","06","",""
"PA","05.073.077/0001-05","66035220","ISENTO","","N","399-9","06","",""
"ES","17.505.635/0001-43","29300220","ISENTO","","N","223-2","06","",""
"SP","02.499.007/0001-25","14025640","ISENTO","","N","224-0","06","",""
"RS","32.989.602/0001-00","98700000","0650159152","","N","","03","",""
"SP","53.400.248/0001-06","06764290","675040307110","","N","205-4","03","",""
"SP","14.480.292/0001-11","13450010","ISENTO","","N","","06","",""
"ES","52.595.482/0001-73","29101260","084166738","","N","206-2","03","",""
"MG","00.975.945/0001-29","32010050","1869549020099","","N","206-2","03","",""
"PR","06.233.166/0001-34","86300188","ISENTO","","N","","06","",""
"SP","37.645.551/0001-12","17014440","135119760117","","N","206-2","03","",""
"RS","08.817.887/0001-17","95840000","1490052078","","N","","03","",""
"ES","30.464.674/0001-08","29170802","083762868","","N","206-2","03","",""
"PR","77.567.899/0001-53","87300020","ISENTO","","N","","06","",""
"MG","16.736.928/0001-79","37220000","ISENTO","","N","","06","",""
"SP","21.472.945/0001-86","18162742","602028334110","","N","","03","",""
"RJ","33.621.962/0001-17","20031205","ISENTO","","N","","06","",""
"SC","54.290.102/0001-18","88330798","ISENTO","","N","","06","",""
"SP","03.875.931/0002-02","13326800","600267448115","","N","206-2","03","",""
"MG","45.215.569/0001-02","30840530","ISENTO","","N","206-2","06","",""
"SP","10.157.727/0001-30","01418200","148272720115","","N","206-2","03","",""
"RS","18.560.915/0001-17","93310435","0860512118","","N","206-2","03","",""
"ES","28.154.680/0015-12","29050335","082300194","","N","","03","",""
"RS","89.287.676/0001-11","98300000","ISENTO","","N","","06","",""
"PA","47.641.281/0001-25","68560000","158522150","","N","206-2","03","",""
"SP","66.831.223/0001-09","12960000","472067596115","","N","","03","",""
"SP","01.897.216/0001-64","05879430","115005849111","","N","","03","",""
"SP","05.413.409/0001-53","04578903","142652113112","","N","206-2","03","",""
"SC","43.842.746/0001-55","88339515","261353276","","N","","03","",""
"SC","36.946.907/0001-95","89224021","ISENTO","","N","206-2","06","",""
"SP","06.062.083/0002-00","05275000","131489721111","","N","206-2","03","",""
"TO","19.409.700/0002-43","77015008","294737367","","N","206-2","03","",""
"PB","28.703.119/0001-40","58042100","ISENTO","","N","","06","",""
"BA","02.914.460/0220-49","41290550","101207595","","N","206-2","03","",""
"PB","45.579.602/0001-83","58059132","164278389","","N","206-2","03","",""
"RJ","07.418.373/0001-26","20040001","ISENTO","","N","223-2","06","",""
"SP","09.071.443/0001-48","01122010","149808369110","","N","","03","",""
"MT","03.100.732/0012-02","78360000","ISENTO","","N","322-0","06","",""
"RO","84.718.741/0001-00","76914899","00000000487228","","N","","03","",""
"RS","93.280.592/0001-23","95032310","0290194660","","N","","03","",""
"SC","32.099.744/0001-00","89278000","ISENTO","","N","213-5","06","",""
"RS","68.737.857/0001-22","90160180","0963252305","","N","","03","",""
"BA","33.625.959/0001-71","42702400","ISENTO","","N","","06","",""
"AM","32.393.733/0001-20","69104602","ISENTO","","N","213-5","06","",""
"SP","31.411.995/0002-98","04635041","138335534110","","N","206-2","03","",""
"RN","12.598.528/0001-93","59056200","202388654","","N","205-4","03","",""
"ES","04.431.942/0001-85","29045580","ISENTO","","N","206-2","06","",""
"SP","29.249.347/0001-54","16309899","521100816110","","N","205-4","03","",""
"SP","49.686.141/0001-07","13076630","122966975114","","N","","03","",""
"PE","02.117.937/0003-39","51020900","024978329","","N","206-2","03","",""
"SP","06.877.055/0002-41","07210008","336944483110","","N","206-2","03","",""
"PA","31.902.796/0001-00","66015090","ISENTO","","N","","06","",""
"SP","34.630.207/0001-61","06454020","206776448110","","N","","03","",""
"PA","06.292.293/0001-04","68250000","152415939","","N","","03","",""
"SP","41.917.555/0001-80","13902094","ISENTO","","N","","06","",""
"SP","32.054.211/0001-01","18732068","366041296118","","N","","03","",""
"SP","03.237.583/0001-67","04794000","111390854110","","N","205-4","03","",""
"PE","00.000.000/1261-01","55315000","ISENTO","","S","203-8","06","UNIAO",""
"SC","44.911.116/0001-58","88306842","ISENTO","","N","205-4","06","",""
"SP","46.325.254/0005-04","04548005","147562479112","","N","","03","",""
"RJ","04.292.627/0001-14","22640906","ISENTO","","N","206-2","06","",""
"SP","11.150.890/0001-34","01323001","ISENTO","","N","","06","",""
"SP","31.782.920/0001-32","12247016","645952353117","","N","206-2","03","",""
"DF","49.738.279/0001-02","71950770","0820087500111","","N","","03","",""
"MG","00.763.832/0001-60","35434899","5219412210046","","N","205-4","03","",""
"SC","21.603.666/0001-04","88140000","ISENTO","","N","206-2","06","",""
"BA","02.189.924/0010-02","41820020","","","N","","04","",""
"SP","42.446.277/0018-30","09851550","799849409119","","N","206-2","03","",""
"SP","37.451.282/0001-53","13478580","165514269119","","N","","03","",""
"SP","54.761.436/0001-22","06472001","206940131110","","N","","03","",""
"MG","14.764.218/0001-27","37701049","0018868940043","","N","","03","",""
"PR","43.903.622/0001-32","85905370","9091370716","","N","","03","",""
"PE","69.908.994/0001-45","55012010","ISENTO","","N","206-2","06","",""
"ES","02.709.449/0095-39","29197554","082753598","","N","","03","",""
"SC","55.783.273/0001-41","89032322","ISENTO","","N","","06","",""
"SC","10.450.004/0001-25","89460048","255728468","","N","206-2","03","",""
"SP","67.534.560/0001-05","13478722","165114562117","","N","206-2","03","",""
"RS","01.782.065/0001-07","98940000","ISENTO","","N","","06","",""
"RJ","07.361.576/0001-23","25055120","78045752","","N","","03","",""
"PR","35.535.237/0001-51","85804195","9083304550","","N","206-2","03","",""
"SP","03.590.147/0001-77","12412800","528119433114","","N","206-2","03","",""
"RJ","28.580.702/0003-72","27120170","80434030","","N","206-2","03","",""
"MS","11.368.332/0001-40","79103010","283560002","","N","206-2","03","",""
"SP","03.597.703/0006-41","07141900","336905051115","","N","","06","",""
"MA","05.831.389/0001-30","65071390","ISENTO","","N","","06","",""
"MG","29.387.715/0001-20","31844160","ISENTO","","N","","06","",""
"SC","08.866.382/0001-42","89219580","258474459","","N","206-2","03","",""
"SP","12.581.927/0001-41","08771910","454184130112","","N","206-2","03","",""
"ES","11.073.058/0001-81","29101260","ISENTO","","N","","06","",""
"AM","03.715.333/0001-95","69042222","041517881","","N","","03","",""
"SP","49.912.199/0001-13","13972160","374075629110","","N","205-4","03","",""
"DF","07.594.978/0530-26","71931720","0792359100445","","N","","06","",""
"SP","29.443.187/0001-80","06454910","ISENTO","","N","205-4","06","",""
"CE","49.740.453/0001-43","60160045","ISENTO","","N","206-2","06","",""
"SC","37.915.575/0001-44","89520000","ISENTO","","N","","06","",""
"MG","39.874.115/0001-40","31080255","ISENTO","","N","","06","",""
"SC","47.758.695/0001-39","89801142","261937812","","N","206-2","03","",""
"PA","97.551.177/0001-18","66023630","153423625","","N","206-2","03","",""
"SP","03.645.772/0001-79","06460000","ISENTO","","N","","06","",""
"SP","79.052.122/0030-16","14783242","ISENTO","","N","","06","",""
"MG","19.449.602/0001-59","35300034","ISENTO","","N","","06","",""
"RJ","08.208.031/0001-44","22290160","ISENTO","","N","","06","",""
"RS","57.194.212/0001-74","90020025","ISENTO","","N","213-5","06","",""
"PR","14.994.326/0004-39","87680000","9060800526","","N","","03","",""
"MG","51.240.754/0001-50","35540000","0046530830022","","N","","03","",""
"SP","01.898.598/0001-40","04019030","115312867116","","N","206-2","03","",""
"ES","20.755.659/0001-65","29055722","ISENTO","","N","223-2","06","",""
"RS","02.697.859/0001-27","92010250","ISENTO","","N","","06","",""
"SC","37.807.390/0001-16","88306730","260591335","","N","","03","",""
"PA","34.623.710/0001-90","66017000","ISENTO","","N","","06","",""
"MA","07.234.453/0013-65","65071380","121608832","","N","205-4","03","",""
"SP","04.461.453/0001-76","14600000","642086256119","","N","206-2","03","",""
"BA","23.932.419/0001-87","47600000","219170884","","N","","03","",""
"RS","61.638.935/0001-92","91900270","ISENTO","","N","","06","",""
"SP","23.373.000/0029-33","08745900","ISENTO","","N","","06","",""
"SP","62.387.220/0001-77","13170005","671049123115","","N","","03","",""
"RS","02.914.460/0608-03","92480000","3820027612","","N","206-2","03","",""
"PA","32.995.755/0037-70","68638000","ISENTO","","N","","06","",""
"SC","51.639.690/0001-64","88801250","ISENTO","","N","206-2","06","",""
"RJ","58.741.866/0001-33","22021001","ISENTO","","N","213-5","06","",""
"SP","28.947.597/0001-03","14176150","664211141116","","N","","03","",""
"SC","52.528.342/0001-82","89620000","262581426","","N","","03","",""
"SP","19.182.983/0001-52","13288130","714177492116","","N","","03","",""
"SP","30.121.180/0001-20","01156001","ISENTO","","N","","06","",""
"SP","71.564.173/0001-80","18090500","ISENTO","","N","","06","",""
"GO","30.437.369/0001-27","74170120","107274035","","N","206-2","03","",""
"PA","10.656.452/0081-64","68707000","153080523","","N","","03","",""
"RJ","13.646.076/0001-30","22775057","ISENTO","","N","","06","",""
"MG","19.246.256/0001-01","30140120","ISENTO","","N","206-2","06","",""
"RJ","08.996.679/0001-22","27536015","78451424","","N","206-2","03","",""
"RO","22.856.306/0001-87","76801040","ISENTO","","N","","06","",""
"RJ","40.183.550/0001-08","22621070","ISENTO","","N","206-2","06","",""
"SC","00.520.634/0001-75","88200000","253062675","","N","206-2","03","",""
"MG","26.389.015/0001-87","32450000","8509274100026","","N","206-2","03","",""
"BA","00.000.000/5864-55","41820710","ISENTO","","S","203-8","06","UNIAO",""
"PR","14.238.880/0001-43","80250104","ISENTO","","N","206-2","03","",""
"CE","41.548.546/0003-20","60440593","ISENTO","","N","206-2","06","",""
"RN","08.480.071/0001-40","59056000","ISENTO","","N","","06","",""
"GO","22.115.345/0001-23","75388736","10639530","","N","","03","",""
"PE","19.027.380/0001-86","51170610","ISENTO","","N","206-2","06","",""
"SC","42.842.612/0002-52","88780000","261407112","","N","","03","",""
"AL","10.811.677/0001-63","57035000","240715837","","N","","03","",""
"SP","04.824.486/0001-33","13467620","165310654116","","N","206-2","03","",""
"SP","30.216.970/0001-90","04104021","ISENTO","","N","206-2","06","",""
"SC","83.054.478/0008-06","89511340","250400421","","N","205-4","03","",""
"MG","51.370.676/0001-08","39404250","0046616350096","","N","","06","",""
"SP","43.430.388/0001-73","04325000","ISENTO","","N","399-9","06","",""
"BA","17.813.638/0001-44","45828003","ISENTO","","N","206-2","06","",""
"PR","81.054.686/0023-00","83301010","ISENTO","","N","","06","",""
"SP","00.000.000/0351-49","14300037","ISENTO","","S","203-8","06","UNIAO",""
"SP","09.132.509/0001-62","01210002","149851370113","","N","","03","",""
"SC","42.550.804/0001-04","89900000","261166670","","N","206-2","03","",""
"PR","15.329.878/0001-42","86125000","9059173666","","N","206-2","03","",""
"MG","49.536.183/0001-53","37137002","ISENTO","","N","","06","",""
"SP","09.106.530/0001-93","19061450","ISENTO","","N","","06","",""
"MA","04.408.070/0001-34","65010450","ISENTO","","S","132-5","06","",""
"MG","50.467.005/0001-05","38703174","0046039170026","","N","213-5","03","",""
"MS","49.250.292/0001-00","79200000","ISENTO","","N","","06","",""
"SP","11.314.407/0001-00","13465660","165386800119","","N","206-2","03","",""
"SC","55.214.367/0005-23","89190000","262957396","","N","206-2","03","",""
"GO","37.442.139/0001-03","74230100","ISENTO","","N","","06","",""
"DF","36.444.055/0001-38","70632300","0796692900119","","N","","03","",""
"DF","45.901.867/0015-51","70770100","0826881200292","","N","","03","",""
"SP","08.505.776/0003-37","14600000","642060920119","","N","","03","",""
"ES","55.522.805/0001-97","29101650","ISENTO","","N","206-2","06","",""
"SC","97.331.250/0001-46","88730000","252878655","","N","206-2","03","",""
"GO","40.131.524/0001-36","74305470","ISENTO","","N","206-2","06","",""
"MG","01.383.443/0001-71","35181680","6879813720068","","N","","03","",""
"SP","13.298.907/0001-20","06709015","ISENTO","","N","206-2","06","",""
"RJ","42.270.181/0001-16","20261903","ISENTO","","N","306-9","06","*****",""
"SP","13.467.746/0001-51","11050201","633931189110","","N","206-2","03","",""
"SP","07.520.913/0002-69","03005010","117160415110","","N","","03","",""
"PR","76.549.856/0001-82","81170300","ISENTO","","N","206-2","06","",""
"MG","19.921.118/0001-80","37704132","0023285990040","","N","","03","",""
"SP","47.382.077/0001-37","12915560","225428308113","","N","","03","",""
"TO","21.606.092/0001-28","77020016","ISENTO","","N","","06","",""
"SP","33.200.056/0156-85","05003900","145417649119","","N","205-4","03","",""
"MT","50.940.799/0001-74","78550338","ISENTO","","N","","06","",""
"SP","13.812.478/0001-68","09657000","ISENTO","","N","","06","",""
"SP","11.983.661/0001-09","04531080","147214114112","","N","","03","",""
"RS","24.843.113/0001-17","98780669","ISENTO","","N","213-5","06","",""
"PR","00.124.733/0001-38","87055405","9011316783","","N","","03","",""
"MT","41.679.128/0001-00","78040790","ISENTO","","N","","06","",""
"MG","38.579.967/0001-42","39440000","0010442930089","","N","","03","",""
"MT","55.477.572/0001-58","78110335","140639756","","N","","03","",""
"SP","31.857.990/0001-02","04028002","128720471113","","N","","06","",""
"SP","48.674.435/0001-48","04658000","ISENTO","","N","206-2","06","",""
"MG","21.476.627/0001-93","35530000","1664673540073","","N","206-2","03","",""
"MT","18.721.667/0001-49","78210032","135075734","","N","206-2","03","",""
"MA","08.584.700/0001-82","65914630","122411382","","N","","03","",""
"SC","92.791.243/0020-76","89600000","255139730","","N","","03","",""
"SP","16.593.757/0001-76","04564003","145900632118","","N","206-2","03","",""
"SP","44.863.959/0003-98","19023450","ISENTO","","N","214-3","06","",""
"SC","44.273.957/0001-87","89812201","261417738","","N","","03","",""
"SP","07.288.729/0001-54","07901080","ISENTO","","N","","06","",""
"SP","07.536.218/0001-04","04089000","118871671113","","N","206-2","03","",""
"PR","03.295.274/0001-43","80730200","9023084748","","N","205-4","03","",""
"SP","60.831.733/0001-08","01310200","154042741115","","N","206-2","03","",""
"BA","04.303.813/0001-01","45680000","ISENTO","","N","399-9","06","",""
"RO","11.200.726/0016-70","76820390","ISENTO","","N","","06","",""
"SP","02.577.923/0001-36","13602106","182148522112","","N","","03","",""
"RS","55.996.173/0001-01","95914052","ISENTO","","N","","06","",""
"SP","61.403.218/0001-81","13317210","233020100113","","N","206-2","03","",""
"MT","91.574.012/0001-85","78302028","ISENTO","","N","206-2","06","",""
"PR","20.276.923/0001-88","83325360","9066741220","","N","206-2","03","",""
"CE","32.850.702/0001-50","60821760","068919190","","N","206-2","03","",""
"DF","12.445.718/0001-70","70702906","0754635000184","","N","","06","",""
"SC","82.731.266/0001-79","88306001","ISENTO","","N","206-2","06","",""
"RN","01.937.258/0002-62","59633400","200981471","","N","206-2","03","",""
"SP","58.137.638/0001-59","04538905","ISENTO","","N","206-2","06","",""
"SP","29.602.001/0001-98","09550051","ISENTO","","N","","06","",""
"PE","00.000.000/3077-50","55515000","ISENTO","","S","203-8","06","UNIAO",""
"SP","10.142.624/0004-40","13213090","132799176110","","N","","04","",""
"SE","13.167.002/0008-98","49504006","ISENTO","","N","","06","",""
"RS","04.941.624/0001-64","90810240","ISENTO","","N","","06","",""
"MG","02.061.627/0002-69","37560230","0038738220083","","N","","03","",""
"SP","60.127.602/0001-36","12243630","ISENTO","","N","313-1","06","",""
"SP","64.034.655/0001-63","05319000","ISENTO","","N","","06","",""
"RS","17.919.875/0001-94","98700000","0650142810","","N","206-2","03","",""
"AM","04.618.302/0001-89","69020090","041647815","","N","206-2","03","",""
"SP","22.213.299/0001-03","13288181","714064030115","","N","","03","",""
"RS","10.360.293/0002-52","90550052","ISENTO","","S","101-5","06","",""
"SP","33.035.914/0001-47","09060660","ISENTO","","N","","06","",""
"AC","57.690.849/0001-51","69919230","0109731800109","","N","206-2","03","",""
"ES","02.737.853/0001-36","29100909","ISENTO","","N","399-9","06","",""
"ES","24.270.054/0001-35","29041210","ISENTO","","N","","06","",""
"MT","17.356.474/0003-35","78457000","136060811","","N","205-4","03","",""
"SP","28.625.681/0001-00","07180210","796633130114","","N","","03","",""
"MG","27.001.247/0037-90","37031075","7070428010491","","N","205-4","03","",""
"SP","20.393.372/0001-32","02931060","143593946117","","N","","03","",""
"SC","95.313.771/0001-45","88311480","252370163","","N","","03","",""
"SP","39.617.819/0001-38","04570000","129994291113","","N","","03","",""
"RO","11.260.203/0001-33","76940000","ISENTO","","N","","06","",""
"SC","17.467.897/0001-60","88063000","ISENTO","","N","","06","",""
"SP","07.594.978/0038-60","09110560","ISENTO","","N","204-6","06","",""
"MG","31.072.703/0001-59","37130864","0032433720079","","N","","03","",""
"SP","53.396.370/0001-56","02318000","111028296118","","N","206-2","03","",""
"SP","96.535.083/0001-92","09070310","626315459110","","N","206-2","03","",""
"SC","09.564.470/0001-52","89010401","ISENTO","","N","206-2","06","",""
"SP","19.879.236/0001-78","13560180","637228214112","","N","","03","",""
"RJ","10.784.446/0001-08","25963081","ISENTO","","N","","06","",""
"GO","37.324.737/0001-70","75960000","107973952","","N","","03","",""
"SP","04.381.220/0001-63","05690040","119906966111","","N","","06","",""
"TO","24.654.881/0025-08","77760000","ISENTO","","N","","06","",""
"MG","43.412.973/0001-40","35057480","0041402750056","","N","","06","",""
"SP","57.189.367/0001-12","13186546","748296314110","","N","206-2","03","",""
"DF","04.435.721/0001-85","70714020","ISENTO","","N","","06","",""
"SP","15.177.723/0001-38","01435901","ISENTO","","N","206-2","06","",""
"SP","05.002.327/0001-16","05503000","116357118119","","N","","03","",""
"GO","10.900.232/0001-50","74125120","ISENTO","","N","","06","",""
"SC","15.787.198/0002-53","89270000","256768757","","N","206-2","03","",""
"SP","17.179.687/0001-77","17607090","697080180111","","N","","03","",""
"SP","03.656.942/0001-10","04523001","ISENTO","","N","","06","",""
"MG","02.026.096/0001-92","30480250","ISENTO","","N","","06","",""
"SP","27.817.590/0001-04","13295000","388050800110","","N","206-2","03","",""
"RJ","23.476.033/0017-75","21670000","14492542","","N","","03","",""
"RS","39.325.429/0001-94","98995000","2140020434","","N","214-3","03","",""
"RJ","01.126.607/0001-85","20010020","ISENTO","","N","","06","",""
"PR","03.219.633/0001-83","83024899","9019047749","","N","206-2","03","",""
"RS","88.325.113/0001-08","92010050","ISENTO","","N","","06","",""
"RN","17.004.239/0001-32","59020265","ISENTO","","N","","06","",""
"DF","38.371.300/0001-50","71635580","ISENTO","","N","","06","",""
"SP","29.640.028/0001-75","13073027","ISENTO","","N","205-4","06","",""
"PE","09.043.453/0005-01","51150003","086797204","","N","206-2","03","",""
"RS","33.158.319/0001-07","93548360","ISENTO","","N","206-2","06","",""
"SP","44.634.825/0001-33","16050387","177652857114","","N","","03","",""
"SP","12.387.530/0001-13","01302001","ISENTO","","N","","06","",""
"SP","03.002.339/0001-15","04007005","115449932114","","N","","03","",""
"SC","04.622.715/0001-37","89280442","254780601","","N","","03","",""
"SP","24.924.986/0002-35","06715865","278392558118","","N","206-2","03","",""
"PR","04.350.225/0009-86","85520000","ISENTO","","N","","06","",""
"RS","11.062.522/0001-34","90440140","ISENTO","","N","","06","",""
"PB","00.518.251/0001-62","58400248","ISENTO","","N","","06","",""
"RS","00.000.000/3313-84","96222164","ISENTO","","S","203-8","06","UNIAO",""
"BA","02.366.895/0001-08","46430000","048221661","","N","213-5","03","",""
"DF","00.394.544/0023-90","70070923","ISENTO","","N","","06","",""
"RN","02.191.235/0001-33","59115001","200795937","","N","206-2","03","",""
"SP","14.814.762/0001-36","14096190","123304586114","","N","","03","",""
"SP","44.296.514/0001-01","13289144","714167238112","","N","206-2","03","",""
"MG","20.485.451/0001-73","30535000","ISENTO","","N","322-0","06","",""
"TO","17.449.881/0008-00","77023970","ISENTO","","N","206-2","06","",""
"SP","67.307.876/0001-56","12926210","225231940111","","N","","03","",""
"SP","22.208.927/0001-54","04543000","ISENTO","","N","223-2","06","",""
"ES","20.809.479/0001-19","29175520","083238999","","N","","03","",""
"SP","17.243.008/0001-81","07400445","188106789119","","N","","03","",""
"SP","65.846.404/0001-46","14080150","582265220113","","N","206-2","03","",""
"SP","45.779.451/0001-07","13207661","407115270110","","N","206-2","03","",""
"SP","04.869.813/0001-73","13289330","ISENTO","","N","","06","",""
"SP","71.736.037/0001-20","13300003","ISENTO","","N","","06","",""
"SP","33.240.723/0001-17","04571130","ISENTO","","N","214-3","06","",""
"MT","34.836.645/0004-23","78456278","139017666","","N","","03","",""
"SP","40.432.544/0835-06","04719002","114814878119","","N","","03","",""
"GO","42.146.239/0001-14","75901290","ISENTO","","N","206-2","06","",""
"RS","41.000.240/0001-73","90540010","ISENTO","","N","206-2","06","",""
"SP","04.422.160/0001-80","13825000","747067970114","","N","214-3","03","",""
"MS","02.776.669/0001-03","79010050","ISENTO","","N","","06","",""
"RS","92.000.678/0001-92","96535000","ISENTO","","N","","06","",""
"SC","73.989.956/0001-31","89256213","252766903","","N","206-2","03","",""
"SP","05.043.487/0001-03","05711001","116622187118","","N","","06","",""
"SP","01.383.155/0001-17","06030150","120235556113","","N","206-2","03","",""
"BA","14.855.753/0001-93","40010010","ISENTO","","N","306-9","06","",""
"MG","21.845.304/0001-20","30190911","ISENTO","","N","206-2","06","",""
"SP","36.921.522/0001-73","08694080","672463155114","","N","","03","",""
"MS","02.003.402/0013-09","79150000","283229233","","N","","03","",""
"MT","37.766.796/0001-06","78735489","138237980","","N","","03","",""
"SP","59.042.341/0001-72","06532010","623282666111","","N","399-9","03","",""
"MT","32.995.755/0100-41","78135626","ISENTO","","N","214-3","06","",""
"SP","18.502.527/0003-41","13306440","387267897116","","N","","03","",""
"BA","51.152.162/0001-86","45120000","ISENTO","","N","","06","",""
"SC","83.395.921/0001-28","89306076","ISENTO","","N","","06","",""
"MG","62.103.619/0003-40","37701001","ISENTO","","N","399-9","06","",""
"MG","01.438.784/0005-20","32210180","1860558000030","","N","205-4","03","",""
"GO","02.253.813/0036-49","75802119","ISENTO","","N","322-0","06","",""
"RJ","37.895.053/0022-52","20241180","ISENTO","","N","","06","",""
"MS","09.538.989/0001-66","79940000","283474645","","N","","03","",""
"SP","30.284.729/0001-06","05410000","ISENTO","","N","206-2","06","",""
"PE","02.193.012/0001-05","53520810","019510098","","N","206-2","03","",""
"TO","09.366.892/0001-13","77023002","ISENTO","","N","206-2","06","",""
